<?xml version="1.0" encoding="ISO-8859-1"?>
<css product="vbulletin">
	<rollup name="main-cssnormalization.css">
		<template>css_reset.css</template>
		<template>css_unreset.css</template>
		<template>css_utilities.css</template>
	</rollup>
	<rollup name="main.css">
		<template>css_imgareaselect-animated.css</template>
		<template>css_jquery-ui-1_8_14_custom.css</template>
		<template>css_jquery_qtip_min.css</template>
		<template>css_jquery_selectBox.css</template>
		<template>css_jquery_fileupload-ui.css</template>
		<template>css_global.css</template>
		<template>css_bootstrap.css</template>
		<template>css_responsive.css</template>
	</rollup>
	<rollup name="sitebuilder-before.css">
		<template>css_jquery_thumbnail-radio-checkbox.css</template>
		<template>css_jquery_datatables.css</template>
	</rollup>
	<rollup name="sitebuilder-after.css">
		<template>css_sitebuilder.css</template>
		<template>color_style.css</template>
	</rollup>
</css>
